0	1	                     is so sad for my APL friend.............
0	2	                   I missed the New Moon trailer...
1	3	              omg its already 7:30 :O
0	4	          .. Omgaga. Im sooo  im gunna CRy. I've been at this dentist since 11.. I was suposed 2 just get a crown put on (30mins)...
0	5	         i think mi bf is cheating on me!!!       T_T
0	6	         or i just worry too much?        
1	7	       Juuuuuuuuuuuuuuuuussssst Chillin!!
0	8	       Sunny Again        Work Tomorrow  :-|       TV Tonight
1	9	      handed in my uniform today . i miss you already
1	10	      hmmmm.... i wonder how she my number @-)
0	11	      I must think about positive..
1	12	      thanks to all the haters up in my face all day! 112-102
0	13	      this weekend has sucked so far
0	14	     jb isnt showing in australia any more!
0	15	     ok thats it you win.
0	16	    &lt;-------- This is the way i feel right now...
0	17	    awhhe man.... I'm completely useless rt now. Funny, all I can do is twitter. http://myloc.me/27HX
1	18	    Feeling strangely fine. Now I'm gonna go listen to some Semisonic to celebrate
0	19	    HUGE roll of thunder just now...SO scary!!!!
0	20	    I just cut my beard off. It's only been growing for well over a year. I'm gonna start it over. @shaunamanu is happy in the meantime.
0	21	    Very sad about Iran.
0	22	    wompppp wompp
1	23	    You're the only one who can see this cause no one else is following me this is for you because you're pretty awesome
0	24	   &lt;---Sad level is 3. I was writing a massive blog tweet on Myspace and my comp shut down. Now it's all lost *lays in fetal position*
0	25	   ...  Headed to Hospitol : Had to pull out of the Golf Tourny in 3rd place!!!!!!!!!!! I Think I Re-Ripped something !!! Yeah THAT !!
0	26	   BoRinG   ): whats wrong with him??     Please tell me........   :-/
0	27	   can't be bothered. i wish i could spend the rest of my life just sat here and going to gigs. seriously.
0	28	   Feeeling like shit right now. I really want to sleep, but nooo I have 3 hours of dancing and an art assignment to finish. 
1	29	   goodbye exams, HELLO ALCOHOL TONIGHT 
0	30	   I didn't realize it was THAT deep. Geez give a girl a warning atleast!
0	31	   I hate it when any athlete appears to tear an ACL on live television.
0	32	   i miss you guys too     i think i'm wearing skinny jeans a cute sweater and heels   not really sure   what are you doing today
0	33	  -- Meet your Meat http://bit.ly/15SSCI
0	34	   My horsie is moving on Saturday morning.
0	35	   No Sat off...Need to work 6 days a week 
0	36	   Really Dont Like Doing my Room Its So Boring  Sick Of Doing My Wardrobe Out Cant Waiit Till I Have My Walk In One  Yay
0	37	   SOX!     Floyd was great, but relievers need a scolding!
0	38	   times by like a million
1	39	   uploading pictures on friendster 
0	40	   what type of a spaz downloads a virus? my brother that's who :\ MSN is now fucked forever    :'(
0	41	  &amp;&amp;Fightiin Wiit The Babes...
1	42	  (: !!!!!! - so i wrote something last week. and i got a call from someone in the new york office... http://tumblr.com/xcn21w6o7
0	43	  *enough said*
1	44	  ... Do I need to even say it?  Do I?  Well, here I go anyways:  CHRIS CORNELL IN CHICAGO!  ... TONIGHT!    
1	45	  ... health class (what a joke!)
1	46	  @ginaaa &lt;3 GO TO THE SHOW TONIGHT
0	47	  @Spiral_galaxy @YMPtweet  it really makes me sad when i look at Muslims reality now
0	48	 - All Time Low shall be my motivation for the rest of the week.
0	49	  and the entertainment is over, someone complained properly..   @rupturerapture experimental you say? he should experiment with a melody
0	50	  another year of Lakers .. That's neither magic nor fun ...
0	51	  baddest day eveer. 
1	52	  bathroom is clean..... now on to more enjoyable tasks......
1	53	  boom boom pow
0	54	  but i'm proud.
0	55	  congrats to helio though
0	56	  David must be hospitalized for five days end of July (palatine tonsils). I will probably never see Katie in concert. 
0	57	  friends are leaving me 'cause of this stupid love  http://bit.ly/ZoxZC
1	58	  go give ur mom a hug right now. http://bit.ly/azFwv
1	59	  Going To See Harry Sunday Happiness 
0	60	  Hand quilting it is then...
0	61	  hate u ...  leysh t9ar5 ... =((((((( ..
1	62	-  I always get what I want
1	63	  I bend backwards  
1	64	  i get off work sooooon! i miss cody booo. haven't seen him in foreverr!
1	65	  I hate allergies. Should I get my hair cut tomorrow? I'm taking a public poll...
0	66	 - I love you guys so much that it hurts. http://tumblr.com/xkh1z19us
0	67	  I miss Earl
0	68	  I miss New Jersey
0	69	  I missed the first hour of SYTYCD last night, and I can't find it online!
0	70	  I need a U2 fix NOW!
0	71	  I never thought I'd become second choice...
0	72	  I think I may be too friendly...lol... o well...
0	73	  I think Manuel (my Basil plant) only has days to live   
0	74	  I wanna be at home @ church...I wonder wht they are doing?
0	75	  i wanna make my own pizza
0	76	  i want a 120gb harddrive, or a 37 inch tv, or a new guitar.  anyonefeeling generous?  =p   x
0	77	  i want a hug
0	78	  I want Miley to tour Australia
0	79	  I wanted to sleep in this morning but a mean kid through a popsicle stick at me head. I wish I could fly away like those squirrels
0	80	  i was too slow to get $1 Up tix
0	81	  I will send sunshine to Northern Ireland, are you going swimming today @kezbat
0	82	  I wish I could go to T4 On The Beach :'(    Would be great to see @Shontelle_Layne &amp; @DanMerriweather   
0	83	  i would be so much happier if the walls of my bedroom were painted white,
0	84	  idk wat 2 do who can i trust me im sorry 4 all da pain i have caused nebody ima take dis time out 2 straighten myself out i luv yall
0	85	  I'm finding the intercept slope..and banging my head against the wall..Math brain heads come save me
1	86	  I'm really going to bed now...
0	87	  im sick  'cough cough'
0	88	  in cab headed to the airport!  going home.... &lt;christy&gt;
0	89	  In case I feel emo in camp (feeling a wee bit of it alr)...am bringing in the Human Rights Watch World Report 2009..hope it'll work
1	90	  Jin has a twitter.
0	91	  jonas day is almost over... 
0	92	  Jus Got Hom Fr. TDa Funeral... I'm So Sad! I Cried So Much Times! Much Love Grandpa!&lt;3 I Never Got To Say My Last &quot;Goodbye&quot; to Him.
1	93	  just gonna smile...cuz it is what it is..and im not sure what more they could want..
1	94	  Just got home, and I got to see my friend Zahra whom I haven't seen since We graduated!!!  That makes me so happy.
0	95	 - Longest night ever.. ugh! http://tumblr.com/xwp1yxhi6
0	96	  mi momacita won't let me go to my bf's bball game!!! grrr!!!
0	97	  Mom says I have to get a new phone IMMEDIATELY....off to T-Mobile.  she paying....
0	98	  My new car was stolen....by my mother who wanted to go pose at church.
0	99	  no hang out with the girls 2day. 2moro, hope so......
0	100	  no movie times for sunday!  Rats will have to plan tomorrow. I guess this means I have to work on those two  presentations I am doing!
0	101	  no pavel tonight &lt;Tigersfan &gt;
0	102	  not a cool night.
1	103	  oh thank you!
1	104	  pleased
0	105	  probably guna get off soon since no one is talkin no more
0	106	  really wanted Safina to pull out a win &amp; to lose like that...
0	107	  RIP, David Eddings.
1	108	  Rose and ood will be back in the Xmas Who special!  YAY!  Damn that's half a year away.
0	109	 - sannesias: Aww no neighbor! We need to watch Mean Girls :] http://tumblr.com/xv31s2pi8
0	110	  so whats the status on next weekend
0	111	  sorry @gigi4462 The Ex Husband has overdosed on his daily dose of haterade
0	112	  Thanks for your definition of throwbie!  Editors reviewed your entry and have decided to not publish it.
1	113	  Thanks, I need all the help i can get.
1	114	 - that explains alot.
1	115	  There's going to be a Heathers sequel.  Winona4ever!  They better not fuck it up.
0	116	  told not to drink w/my Rx so just gave all the b.b. porter &amp; obs. stout that I brought home from OR to my neighbors.  v, v, sad.
1	117	  trae is so sweet! He just bought me a new baithing suit!! Wove him 
1	118	  True, highly subjective of me there. Tombre was actually my favorite character in the book. You got me  - http://is.gd/13be0 - Rishabh
0	119	  u guys knw whyy
0	120	  very much so 
0	121	  waahhh now I'm getting sad....miss hub :-'(&quot;&quot;&quot;&quot;&quot;&quot;&quot;&quot;
0	122	--  we were standing out in the pouring rain.. We were sitting on top of the world..  --   summer sucks      --
0	123	  Went to get dog from vets, theyve stitched her ear, charged us for it but she still bleeds like a waterfall everytime she moves. D: WHY!
0	124	  where is my picture i feel naked 
0	125	  Why aren't there any trains going to manchester on a sunday?!!  Now I can't go to the @jonasbrothers concert.
0	126	 - Why must people be so picky. I mean 6 hours work and no dice!? whatï¿½s up with that! http://tumblr.com/xsg1m3ufn
0	127	  Why Twitter will soon become obsolete? http://www.imediaconnection.com/content/23465.asp
1	128	  wide awake   NOT!!!
1	129	  yeah me too. Its been awful weather here for the last week so that stinks. Kristis comin down and moe said mmmaybe he take us for  ...
0	130	 - You: hi Stranger: HELLO I AM FRANK LAMPARD HOW ARE YOU You: fine You: and urself Stranger: i am gay Your... http://tumblr.com/xaj24dkly
0	131	  you'll always be my one and only...  [12*23*2007]
0	132	 #3turnoffwords this shit sucks
0	133	 #asylm J2 panel is over. Guess it's back to normal life.
1	134	 #poemsunder140 ....started by @shannonelyse1
0	135	 #squarespace brighten my bad day! i never win anything...
0	136	 #Susan Boyle didnt win! mh well, diversity was very good though! CONGRATZ!!
0	137	 #twenty20
1	138	 &lt;--- That is all, and believe me.. it's enough!
1	139	 &lt;3 goooood timessss
0	140	 &lt;3 GrAdUaTE 09&lt;3
0	141	 &quot; Vandals paint swastikas on home of author of gay, lesbian church story : Naples Daily News&quot; ( http://bit.ly/11zyzl )
0	142	 &quot;An unknown error occured (-4)&quot;. uh oh. iPhone OS 3 fail so far 
0	143	 &quot;experts (homers) predict Eagles to go 12-4 and Giants to go 9-7/ BS! http://www.dailysportspages.com/forums/showthread.php?t=49343
1	144	 &quot;I know you hungry so lets go outside on the balcony so you can eat&quot;....
0	145	 &quot;I want you so bad it's driving me  mad&quot;
1	146	 &quot;The 10 Men a UK Female Internet Entrepreneur Should Know when Starting and Growing a Business : The Next Women&quot; ( http://tinyurl.com ...
1	147	 &quot;The truth is hiding in your eyes&quot; @patita @MissMarian  Paramore ï¿½ Decode @Daninho502  ? http://blip.fm/~5ytke
0	148	 &quot;Try to turn on my tv to get you out of my head. I've got this feeling inside that I just won't admit...&quot; (that is literally how I feel)
0	149	 &quot;well, the truth is I miss you so&quot;- Coldplay
0	150	 (tears) :'-( Today is the last day with my kids...They go on summer break at their Dads tomorrow. *sighs* http://plurk.com/p/x8j86
0	151	 (unsure) (annoyed) http://plurk.com/p/1230lz
0	152	 (via @designrelated) are designed gallery exhibition postcards/mailers going extinct? via NYT http://ow.ly/fHJc
0	153	 *BeautifulyLost
0	154	- *cries* I'm going to miss Harry Potter when it comes out.  I'm leaving to Vietnam on July 11th.  I'm going to cry!!
1	155	-- *hummin* I SAY &quot;shut up &amp; put your money where your mouth is&quot; ...headin' out to reality. Cheers Twitter world! 
1	156	-- . *sigh* You cant love someone that doesn't love you back that's like stalker status . GET a divorce &amp;&amp; move on . Trinity. 
0	157	 . . . . going back to bed, because I'm lookin' around and don't see a reason to be awake atm. Be up in a little.
1	158	-- . Aiqht Goodniqht . Tri, Neena, Malcolm, Chaise , JLew, ATL &lt;333 Love Much . 
1	159	-- . Triiiiiii .  ily . even if Chaise doesn't . =D *dies of laughter*
0	160	 .. i wantt hiim soo badd !!
0	161	 .. watching tv , bed, shopping w. mom, out w. trent hopefully, i need my best friend
0	162	 ... had weird encounters with so many homeless/creeps on the walk home tonight all by myself   awesome... really...
0	163	 ... Rained out truck race
0	164	 ... Why am I feeling worse??? F!!!
0	165	 .... Feeling pain and happiness at the same time. How confusing!
1	166	 ..... hot choco is the best!
0	167	 ....in a shirt and panties. celulite
0	168	 ..had to turn back to North due to body on line. So missing Design Council Design 4 Tech Transfer event   http://bit.ly/pXrzV...
0	169	 ..y everything is so hard? :/
0	170	 .bueno good bye. good night
1	171	 : Beach day with Scoobs. =( : Still no phone.
0	172	 : Let's have fun,. When I give ya what I give ya.
0	173	 :[ I don't want to move!!!
1	174	 :-D ))))))))...WHAT AN AMAZING NIGHT,DAY &amp; NIGHT AGAIN!! HI TWITS! I MiSS U GUYS
1	175	 @ canaveral national  seashore
1	176	 @ progressing in the production department with &quot;The Uprizing&quot; thats the priority getting the head nodding beats and then we reach out
1	177	 @ taylorrhicks enjoy chicago..b new venue is always cool. You shine everywhere you go. I know who you are. In time so will everyone. 
0	178	 @ the train crash in DC .....
1	179	' @ Thestreetforce  '
1	180	 @3sixty5days makes me smile.
1	181	 @adamisacson My first day off in 3 weeks, and my child got up before 7:00. So watch for me on &quot;Nancy Grac.. http://tr.im/khKW
1	182	 @adbert: &quot;#Video [Woody Woodpecker â€“ The Barber of Seville] I am great, @klitoria, just wishing to be a ch... â™« http://blip.fm/~7g6r0
1	183	 @alexrauchman I am happy you are staying around here. Drexel is a fabulous university. You should be proud. yeah.
0	184	 @alvinkschneider what happened to angels and demons and lions and tigers and bears!?
0	185	 @AmericanWomannn Well that sure minimizes the impact...LOL
1	186	 @ange_black @sween I call dibs on the Voltron arm. No the leg. Wait. Where are my manners? @baileygenine,.. http://tr.im/oERy
1	187	 @CharlottegC I just saw ur mum
1	188	 @chloelunn and @meganmcdowell GET YOUR FAT ASSES ON HERE. NAI.
1	189	- @codinghorror See, three external monitors on one laptop, http://www.twitpic.com/6e3zp Win7RC  1 x 1920x1080, 2 x 1280x1024
1	190	 @copicmarker&quot; facebook.com/copic.marker if you're cool. Or if you're not cool. Maybe I'll send some cool .. http://tr.im/oyT7
1	191	' @crewislife  you want to start the morning later; in New York we can do that  (Californians have it even better)
1	192	 @cybervenus http://twitpic.com/75kwb ~ LOL LuV IT! &gt;&gt; http://twitpic.com/75hsg Did any1 find or c 1? #a.. http://bit.ly/mUMFh
1	193	 @dandelionas is making fettucini and garlic bread!
1	194	 @danregal  tell @pfont i said Happy BDay!! 
0	195	- @Darcy_Lussier @lkrammes I went to work once last year with no pants. Ironically, that was my last day of work at that job. FML 
1	196	 @DirtyRose17  told you, you would sweep haha :-p
0	197	 @dreamingspires. there r many gr8 science cartoons http://bit.ly/6EW4Q http://bit.ly/gXH3q http://bit.ly/18sjXI http://bit.ly/KEAy2
0	198	- @Em91 Edinburgh fringe is only 10 weeks away?! I need monies  Btw I'm Elliott from @angryfeet - blame @howlieT for the Twitter intrusion
0	199	 @emilymariie why didnt you come to school?? have you done the short stack thing by yourself, or do you still need me?
0	200	- @EvertB which one? http://bit.ly/10o8LW, http://bit.ly/Nh82S or http://bit.ly/wr8Vz - latter for the US Store only  #iphone #comics
0	201	 @georgediaz #Magic ..thinking less than 50 % chance Hedo stays in Orlando. He's gonna go for the $$. They all do. Can't blame him though.
0	202	 @Glamicole ..now who wud make this beautiful plc cry?
0	203	 @HaterMagazine: @damienrandle it is now the outer fat kid.
1	204	- @haugern The servers are now backup, if you experience any more problems then please let me know  Sorry about the delay...
1	205	 @hawaiibuzz: &quot;yes, i am lol j/k luv this! @DJDolceVita: &quot;you are like a gentle breeze that has blown throug... â™« http://blip.fm/~7s7mn
0	206	 @hellopnsdear se MORREA a mi Joseph, no no se vale.
1	207	 @hidingesther @linininiooh are my future rooooooooomies! NYC holleR
1	208	 @Hijack_King7 I hope u have cheeSe burgerS 4 @Snubbmatic LMBO
1	209	 @iamyas awesome
1	210	 @ivegotzooms I am nothing of the kind and everything of the sort http://tr.im/mLsn
1	211	- @jerrybattiste &quot;..pick up some flowers for the teacher..&quot; I'm jealous! I want flowers without having to be in the hospital to get them! 
1	212	- @joaoqalves Think again   Talvez seja do Ãªnfase na cifra. Mas atenÃ§Ã£o: &quot;Security is a chain; it's as strong as the weakest link â€¦
0	213	 @jonasbrothers Why is your YouTube account suspended? lol Single Ladies dance? I NEED TO WATCH IT AGAIN!
0	214	- @JuicyJones I know.. SOLD OUT though. 
1	215	- @kaitymarine - watch E3 @MCMudkips - Will do 
1	216	- @katherineholden Thanks K! Here's hoping! Pretty nervous though... 
0	217	 @katiedontcry should get on aim and talk to me. i miss her.
1	218	 @kcome ?????????????????????????????????? ????????????1000 Followers???????????? http://tr.im/mWKn
1	219	 @khead I'll tell ya, grocery store. It was better when you blasted the oldies. Sugar Ray does not make me.. http://tr.im/jd0y
0	220	 @kvetchingeditor's kashrut convo makes me want to keep more kosher but my roomies catholic &amp; he has a pork loin in the fridge #kosherFAIL
0	221	 @Leloz isn't home neither is @sozi1 ... @althani96 U BETTER HAVE IT!!!
1	222	 @LHSOPERAFIENDS yall bitches better wake up early to go to the LA Opera, kay!?
0	223	- @littlecharva - I'm immune to dentists' drills etc now, it just doesn't bother me at all. Having gum lift surgery next week tho *eek* 
0	224	 @lolife4life where r u tonite im still awake!
0	225	 @lorinimus hates Bebot App
1	226	 @masareus&quot; @dhempe congrats bhai, but like the oldies in &gt; used to say - arre bhai kuch kam ka http://tr.im/ox5G
1	227	 @MelodyChase
1	228	 @mgph3nom chilling on twitter via my spanking new blackberry w/ unlimited internet : http://tr.im/mZVC
1	229	 @michaelsarver so do you give him every inch of your love every night?
1	230	 @mimbles @WParenthetical
1	231	' @minghao Maybe you can pop @StarHubCares a tweet. They are quite active on twitter. 
1	232	 @MsNovember It's a shame all the women in Mamma Mia are so horny, since all the men on this island are so.. http://tr.im/kmET
1	233	- @nibaq Thanks for letting me know. I'm going to check out Eureka later with this knowledge 
0	234	 @Oneshine What are u referring to?
0	235	 @plmusic22
1	236	- @PoisonGirl10 What's up? @sevgli Hey you!  @lowridergrl I'm doing ok, thx. You? @cristinerafae You, too! TTYL! @Nic0pic0 Oh, sowwy! lol
1	237	 @RAPPUBLICIST HAPPY MOTHERS DAY!
1	238	- @raybooysen I knew Sharepoint was written by interns, I just knew it !! 
0	239	                                     I miss her so much already...
0	240	               just practising.....how I feel       
0	241	            Miss my love Jamie
0	242	          FUCK YOU!
0	243	        my head feels like a bowling ball
0	244	        my heart hurts badly...
0	245	       FS keeps crashing when I try to load Bungie plane.
0	246	      My current headset is on its deathbed now!  My dad gave it to me just 3 weeks back!    
0	247	     ....    My mood is currently BLAH . Sitting in a parking lot
1	248	     I am happy     
0	249	    ...that is all.
0	250	    everyone went home. and not everyone was even here! ~CMF &lt;3
0	251	    fed up....
0	252	    fuck, fuck, fuuuuck!
0	253	    Not feeling it today     And to make matters worst its super nasty and rainy outside, YUCK!
0	254	   @Beansummer
0	255	   Awwwwwh  i wanted Aiden Davis 2 WIN, i &lt;3 him so bummed he didnt 
0	256	   bed time now....
1	257	   Faltam 4 dias para o World Drawing day
0	258	   Friends like these ... no thanks, I'm not fake! ^ ^
1	259	   haha omg. stayin steezy &amp; mowin the lawn... loviie still here &amp;&amp; goiing tanning soon.
0	260	   i think my bf is cheating on me!!!!     
1	261	   i wanna play with my camera but i will settle for playing with iv's and heart monitors
0	262	   i want an octo drive
0	263	   I want to display my pretty voltron!  Upside, I get two pretty voltrons!
0	264	   i want to find a way to put my photos on phone here i have Bluetooth in both phone and computer but it doesn't work
0	265	   IN an effort to bring you the best content we just added at lease 30 hours to the release of The digital Rapture.  soon... hang tight
0	266	  --- is our response to what happened today. and that is all.
0	267	   J, you are right... it hurts.
0	268	   kinda but not really, but kinda 
0	269	   let's have a moment of silence for our childhood homes... sadly, it can't be replaced and we can never go back
1	270	   lol all these #robotpickuplines are hilarious 
1	271	   man, oh man     (i should punch myself in the head, but im ok with that)
1	272	   my friends can get with ur friends and we can all b friends, shit, we could do this every weeknd.. Aiigght?  with coop n the crew
0	273	   No man is worth your tears, and the one that is won't make you cry!
0	274	   rain rain go away!
0	275	   storms are scary!
1	276	   such a beautiful satisfying day of bargain shopping. loves it.
0	277	   Tell those girls your clocking out lol
1	278	   thank god today is friday !!! I love Ti Ti! &lt;3
0	279	   the batt to my internet connection died.  Guess its back to the mobile!
1	280	   thrilled about being at work this morning   
1	281	   we break dance not hearts by Short Stack is my ringtone.... i LOVE that song!!!.....
0	282	   www.apple.com/iphone now has it for the 18th   
0	283	  #squarespace #trackle  no apple iphone card for us  maybe tomorrow! I guess it helps if you tweet it huh?  We forgot 
0	284	  (unsure)  (hassle)  (:  (music) http://plurk.com/p/yq08l
0	285	                                           exhausted
0	286	          i want some ben&amp;jerrys cake batter please ugh
1	287	          my life is very lazzzzyyyy!!!!!!!            ***********
0	288	        wish ella was on or somebody,,,,
1	289	       ish in a good mood .....tlk to me
0	290	      i think i'm going to go 3 a long drive then when i get to the pacific ocean open my car door and throw my pc in the ocean
0	291	      what the hell BBC?
0	292	     #canucks
0	293	     I dont like this weekend.. Huhuhu ( (
0	294	     I'll get on it right away!
1	295	-     J + A MADE NiCE..... TWiCE!                     for now ;]
1	296	     loves life atm!   its brilliant XD
1	297	     who else is in a happy mood?? =D
1	298	    !BYE EVERYONE!   
0	299	    ...lonely night
0	300	    blue does not work      
0	301	    geez I'm feeling their pain
0	302	    i miss my summertime daley.
0	303	    on the computer ... . . . . . . *ill*    lol,       no fuckin goin to portugal        
1	304	    SO FAR SO GOOD!
1	305	    TODAY WAS A GREAT DAY!!!
0	306	    UGHHHHHHHHHHHHHHHHHHHHHHHHHHHHH
0	307	   #Battleground
1	308	   a lot, a lot, a lot, a lot, a lot, a lot, a lot, a lot, a lot, a lot, a lot, a lot.
0	309	   Awwwwwh  i wanted Aiden Davis 2 WIN  i &lt;3 him so bummed he didnt 
0	310	   Curtain drops at the Crown Uptown after 32 ye http://www.kansas.com/news/featured/story/860875.html
0	311	   eh  must leave New Mexico and soon!
0	312	   fail maths  i knew it i was just too slow 
0	313	   From Gongwer OH Report, sounds like leadership still considering library cuts, not considering tax increases. #saveohiolibraries
0	314	   fuck sake. Why can things never work out for me?
0	315	-   going in town todaÑ‡ with mÑ‡ cousinnn, [Ñ‡]     netball match was cancelledd 
0	316	   hoping to see my baby girl
0	317	   i don't even know.
0	318	   I just lost a member of my family 
0	319	   I'm SICK of bedtime battles   
0	320	   i'm so cold this morning......       i have chills all over.....   
0	321	   Just... 
0	322	   No no no. Tonight goes on the books as the worst SYTYCD results show.
0	323	   no shopping   
0	324	  - Poor lil mousey, just out enjoying the sunny day. I don't think I'd feel so bad if it was a big gnarly rat though. Dbl standard? Yep.
0	325	  -- that's an EPIC sad face.
0	326	   This magazine story just broke my heart at the dentist's office today:  http://tinyurl.com/ngbq2c
1	327	   Tiger Woods is up by 2at 18 via http://nascar.com/racebuddy
0	328	   wanna go meet wifey but can't....  this sux   :'(
0	329	   Wondering why I feel like I do...I'll feel better though...Its all good! I'll be happy inspite of...Tweet ya lata 
1	330	   yippeeeee yay lets gather in the hay...HIS LOVE FOUND IT'S WAY+ boy,it's Gonna STAY added 2 the Master's HOLY WAY: ALL HIS WILL+WAY
0	331	  #IranElection - no one realizes how deep this goes.
0	332	  &gt;. Bodies from Air France crash have been found  http://twurl.nl/dvu8be (via @Paisano )
0	333	  &lt; that is the story of my life, a whole bunch of frownies!
0	334	               I HAVE NOOOOOOOOOO FRIENDS ON TWITTER IT MAKES ME SAD WILL SOMEONE FOLLOW ME      
0	335	             i just want to hear from you. i guess that's asking too much..
1	336	       Hardest working chica i know( mii boss lady) @MoneyAceweather (look up to her seriously) lOl
0	337	       i really2 don't like this condition. sucksssssss
0	338	       Orlando Lost  The Series. Oh Well, Maybe Phoenix, Or Boston, Or Cleveland (The Teams I Like) Will Make It Next Year!
0	339	      rinitis sucks!!!!!
1	340	      thanks for being the bestttttttttttttttttttt J-dawg
0	341	     &gt;( &gt;(  i'm mad and sad right now. Played so terrible today in both soccer and basketball.
0	342	     &lt;- but mustache man is not that desperate
0	343	     &lt;--------- my face because i'm missing zoro tonight.
0	344	     @riceuniversiity I know huh @Kouture85 Im bout to cry@Ahmier thanks Marco! *muah*
0	345	     angry
1	346	     praise God for this beautiful day!!!     
0	347	     sry matt 2 hear that (
0	348	     what the fucccckkkkkkkkkk
0	349	    Bye World!!!!!!
0	350	    i couldnt even have one fairytale night
0	351	    I'll be working when Pottercast/Lupins/Willows come near me.  FAIL.
0	352	    My cell phone screen is dead.  Sooooooooooo, no texts and I don't know who's calling.  Fuuuuuuuuuuuuuuuuuuuuuuuuuuuuuuuuuuuuuuuuuuuck
0	353	    NO MORE SICKNESS. strike i say STRIKE! ohhhh well, 'nother day off school i guess
0	354	    Nobody likes Year One in the reviews I've read. I'm disappointed. But maybe now I'll like it more since I'm not expecting much..
0	355	   (must i say more?)
0	356	   *old me's dead and gone*
0	357	   ... have to go now ??? 13 more minutes   ... please please please
1	358	   @Lakers!! I love you guyssss! Those rings.. Mmmyeahh! Bling blingg
1	359	   @PERFEKTnCHANCE (Chance) is Boo #29
1	360	   @Standing_Stones  Thank you very much for the DVD suggestion!  Very nice of you!  Looks good.
0	361	   awwwww i really hate this.
0	362	   bad day.
0	363	   bad day.....damn you @311. What kind of ticket sale was that.....
0	364	   Boston Globe could be shut down in 60 days http://sbne.ws/r/vWc
0	365	   bye guys!!!! i'ma miss ya'll sooo sooo much! but don't worry i'll be back on monday!!! have an awesome weekend!!! peace!!!!
0	366	   can i have some followers :' ( ... i'm so sad...    NOW THAT I'M LOSING HOPE -pressure
0	367	   Couldn't bless'd da mic w/ my bra's in music 2day @ERiceOnTheBeat @moneybagzfam1st @circustk
0	368	   CRY CRY CRY   
0	369	   F**kn day...
0	370	   Goodnight   
0	371	   grandma is very sick. not doing well. going to the emergency room.
1	372	   had a WONDERFUL day  G_D is GRRRRRRRRREAT!!!!!     
0	373	   I am going to shed tears if the Cavs have to go home tonight. Like seriously
0	374	   i am soooo sad...at this point of night i'd be cuddling with jonathan like i did for 4 years
0	375	   I hate you forever.
1	376	   I have passed 70-542 exam today   
0	377	   i missed it
0	378	   i still Feel like a Douchebag
1	379	   I want to write a song. I think I will.
1	380	- @serialseb Always thought time estimates should use 'value of Pi rule' (x 3.14). Only exception being 'Pi squared rule'. 
1	381	 @SirKenRobinson Creativity via Twitter http://bit.ly/HVTHS
1	382	- @SlashHudson you tease, i wanna hear the tracks!! 
0	383	 @sommacolada never answering my im's
1	384	 @soultravelers3 http://bit.ly/H9Nqe  15 TravelTips 4 student safety in roughplaces
0	385	 @squarespace it's now fathers day and you haven't picked me...yet. I kind of want to incessantly bother you...#squarespace
1	386	 @SRenaeNae... What is 'FML'
1	387	 @sweetlilmzmia: &quot;Gotta LOVE Blip.fm - John Mayer Trio - CALIFORNIA DREAMIN' as heard on Conan 06/04/2009 ---... â™« http://blip.fm/~7qdf0
1	388	 @Thatsrightnate ~ Just in case you need some help w that:  http://bit.ly/12nP1H
1	389	 @THEDIAMONDCOACH  Im sure he'd love that LOL
1	390	 @theenglishmuse on &quot;Karl Lagerfeld&quot; 's Twitter profile(s) lol!  Heart the first pic http://tinyurl.com/cbl6tm
0	391	 @TheIanCrawford is no longer in the Cab. To say I'm heartbroken is an understatement... good luck with everything! you're amazing ian.
0	392	 @va_songstress broke my twitter..
0	393	 @warbo is off clubbing... must come over to sheffield sometime &amp; party but really probably shouldn't atm. a tech conference is a conf etc
1	394	 @weselec My avatar can't figure out what you people are, either. http://tr.im/jj70
0	395	 @xxkirahxx is fulfilling my life's ambition 2 go 2 a Jonas Brothers concert + I went 2 HMV and the new album is already sold out! Why me?
1	396	 @yhf What happened to movies, anyway? It's like Hollywood forgot: in rough times, the public wants to see.. http://tr.im/mZ8l
0	397	 @zochula just yelled at me for picking apple store over food.
1	398	 @ZOEBOE: &quot;whoops credit is due to   &gt;&gt;&gt;rb@MusicIsMySunshine:  &quot; ? http://blip.fm/~7d4pk
1	399	 =&gt; How not to exit a Cessna 206 #skydiving http://bit.ly/16ZZJ7
0	400	 1 of me cats kittens died only 3 days old too..RIP ming.
0	401	 1 week before the palm pre comes out and my centro dies. I have a temp phone but my contacts aren't transfered yet. #sadpanda #fb
1	402	- 20 chicken mcnuggets, 2 double cheeseburgers, large fries, and a lemonade for dinner. Why you may ask? Because I hate my body. 
0	403	 3 hrs on da phone...lol dude is hilarious
1	404	- 400th tweet (!) breakfast: everything bagel toasted w/cream cheese with an iced cap... delish 
0	405	 5 gb of video to upload to utube :O dam sony vegas making it so big 
0	406	 50% of the new footwear labeling norm is definitions that are never referred to in the document. Who wrote this up?
0	407	 a big angry spider was crawling in my blankeys  i flicked it to the floor and cant sleep now
1	408	 A blessed sunday everyone!
0	409	- a couple years of sickness all piled up to this one day 
1	410	 A dog riding the bicycle http://bit.ly/gvMzD
0	411	 a fly just landed in my green chile stew. i've never been big on killing bugs, but this asshole asked for it. There goes my appetite
1	412	 A problem shared is a buck passed
0	413	 A_ just got the same handshake in her meeting. Vibe here sucks
1	414	 à¸”à¸¹à¹?à¸šà¹„à¸•à¹‹ hitech
0	415	  (Jonah:whats a tweet!?) SHARON!!!!!!!!!!!!
0	416	  alice is beating be at my scooby doo board game!
1	417	  am quite tired can't wait till wwe at burswood &lt;3
0	418	  anyone have any advice on how to cope with a break up?
0	419	  arrrrrrrgggggggghhhhhhhh!!!!!!!!!!  that's it, all lines of communications are temporarily suspended! 
1	420	-  awake, and ready for the day 
1	421	  Being NASTY in the studio with my woman!!!  Go SLEEPIES!!!
0	422	  but i understand.
0	423	  cars being inspected today gonna cost me over 600 dollars 
0	424	  e is OUT!
0	425	  everythings wrong.
0	426	  Exercise 2 build muscle mass is only thing that speeds metabolism: http://tinyurl.com/bvagbj
1	427	  feeling ok for the first time in a few days. thank you!
1	428	  found a new way to text him, yey!
0	429	  friends dying is just horrible.
1	430	  going for a paddle 2moz 
1	431	  Good Nite.  I hope Grandma visits my dreams again tonight.  Last Night was uplifting...  I miss her.
1	432	  Goodbassplayer... that is funny.... ;)  OilIPO.... I hope the people that will bring us good things are started early this week... 
0	433	  He was the best there.
0	434	  Hungover........ and craving chocolate! OMG how funny was the pub last night!! LOL
0	435	  I dont want my sister to leave me for the whole summer!
0	436	  i hope everyone is at church so i can just go to my concert in peace on wed.  dont have to worry about rushing back to church to visit
0	437	 - i just spilt the last of my jordans cereal on the floor iâ€™m distraught http://tumblr.com/xxw2329lh
0	438	  I miss my family and friends.
0	439	  I see I missed the nectar sucking dirty talk ;)
0	440	  I want a freaking puppy now! A cute little black yorkshire terrier.
0	441	 - I want irissa back http://tumblr.com/xpn1wrj48
0	442	  I'm glad diversity got through...but what about stavros!  
1	443	  I'm here to tell ya ... very yummy.  Decided to go on a hunt for blender drinks ... know any good ones?
0	444	  I'm out of Nutella  
0	445	  is it rlly tht serious? I'm abt to go thru my fonebook...
1	446	  is listenin to my new fav band more amor
0	447	  it is on environmental studies and driving me mental
0	448	  I've always seen bits &amp; pieces of Shottas. now I've seen the whole movie...it ends sooooo sad   I'm gonna cry.  
1	449	  Just another day in paradise. ;)
0	450	  Just found a bone in my chicken nugget    Not cool
0	451	 - Like I said, my back still fucking hurts and Iâ€™m going to complain about it like no oneâ€™s business.... http://tumblr.com/x6n25amd5
1	452	  love you! &lt;333
0	453	  my aunties dog is getting put down  hes my dogs brother aswell 
0	454	 - my head feels like its going to explode - mmm, what a horrendous image... the mess!
0	455	  my head is killing meee
0	456	 - My name is Amy. Iï¿½m only three My eyes are swollen I cannot see, I must be stupid, I must be bad What... http://tumblr.com/xfj1uain0
0	457	 - my picture with Kris Karmada is gone forever, its not in my comments, on my mysapce or on my... http://tumblr.com/xzg1wy4jj
0	458	 Â«Confirmed: Missing Air France Flight 447 has Crashed in the AtlanticÂ»: http://bit.ly/BxdVL
0	459	 about 1/4 of my myspace comments are gone. cause someone hacked onto wills account. and kept abusing others so he had to delete it.
0	460	 about school....... it will all be over soon can't wait to celebrate            STRES till then
1	461	- about to pop in a movie &amp; chill a bit... get it innnnn.! call n text 
1	462	- about to swim 
0	463	 abt missing Air France plane. Follow here for best air news source:  http://tinyurl.com/m2p6yk
0	464	 AFI are not at reading til sunday this sucks !!!!!!!!!
0	465	 after a crap night was looking forward to being cheered up, but no. Never mind.
0	466	 ah the postman didn't have my package. What am I goon to do for the rest of the day.....
1	467	 ahh school on monday!!!! not ready
1	468	 ahhh. Drizzy. Mr. Rogers, you are indeed the best.
0	469	 Airport Express doesn't rock enough to allow wireless scanning with the Canon pixma MX310, but otherwise it's wireless goodness.
0	470	 Alistair's friends are all in the kitchen and I'm in my pjs...I JUST WANT A CUP OF TEA, DAMMIT!
0	471	 all day.. no play.
0	472	 all dressed up and no bicyclist for Monday nite ride n Henderson KY http://bit.ly/10H4ne
0	473	 all I want is my ma in my arms  that's all I want is you in my arms
0	474	 all my friends are gone haley n katie @ camp Paris @ moms Landin n Ayonna @ aunts n moms im so bored
0	475	 all nighter. yeeeeeeeeeeeessshhhh what a nightmare up coming 2 weeks. cannot wait to graduate!
1	476	 All the small things...
0	477	 All those Non-Robsten posts are making me sad. I mean, I knew that, but to see it from others in words. So sad.
0	478	 allison didnt win. She should have.
0	479	 almost time to leave.
0	480	 already getting sleepy...I really want to get my psych quizzes done tonight...
1	481	- always a nice thing to wake up to. yay. :p (gosh I'm such a typical lame overanalyzing teenager) lmao  / had a nice nap.
1	482	 am excited
1	483	 Am feelin very happy!? 
1	484	 Am I feeding the Pig'?
0	485	 am i losing my mind cause i wanna see my.TC on TV right now, this min? FU2 i want 2see CandyGirls!! not Daisy -dammit!! @iluvTerricka
0	486	 am sad to say i didn't get my results today somehow the school forgot to mail my results to me?? Typical. Ugh
1	487	-- An alarm clock is a device for waking up people who do not have small children. --- 
0	488	 And how can you mend a broken heart?   â™« http://blip.fm/~8k7kl
0	489	 and I think that's why I felt really sick and depressed in school today cuz of all the stress.. I'm glad I got that off my chest :/
0	490	 and i was just starting to get confident in myself! you have torn me down!
1	491	 anoron.reedcourty.operaunite.com/webserver/content/ home.sch alternatÃ­va 
0	492	 another 45 mins....
0	493	 another early day
0	494	 another father's day weekend I don't get to spend with my dad..
1	495	 Another Friday night of Rock Band
0	496	 anticipating a tough day ahead
0	497	 anyone know if Ghostbusters is region free on 360?? and where to get a US copy in Britain if it is
1	498	  : D a million making a difference. I can't help but to believe. I came in believing &amp; I will leave believing GOD IS!
0	499	 - ?oVe&lt;33
0	500	  6:30...what's wrong wit it?
0	501	 - alergic... nose itchy and eyes burning... Hope It's getting better soon....
0	502	  and they KEEP on coming!   xox
0	503	  Another expensive weekend trip to the vet.
0	504	  are there any parties tonight!? im hella bored at home, and its seems like everyone is busy!! LAMMMMEEE
0	505	  but chilli prawns will make the pain better...
0	506	  daughter's beloved diabetic dwarf hamster died in her hands this morning...all creatures are worthy of love. â™¥
0	507	  DD has pinkeye...not fun.
0	508	 -- Farrah Fawcett Dies of Cancer at 62 - ABC News http://bit.ly/akQLD (via @Turner)
0	509	  feeling hopeless and useless.
0	510	  forgot my lunch at home
0	511	  General Motors sold hummer :S :S
1	512	  Good morning all! Have a great day!!!
0	513	  goodnight..
0	514	  gooood night!!   must prepare for tomorrows meeting now
0	515	 - Great! Im bored at the moment and just have no idea on what to do!  Missing Boyfie too! Damn iâ€™m... http://tumblr.com/xzp224xgj
1	516	  having a luvly day http://tinyurl.com/ckbmkc
1	517	  he is so hot !
1	518	  hmm what to do!
0	519	  http://bit.ly/18xobk Five Guys Locations Closed After Visit from &lt;em&gt;Inside Edition&lt;/em&gt;'s 'Rat Patrol' @dcist
0	520	  I am actually crying now because of sore throat.
0	521	 - I feel irresponsible and sort of horrible. Marshmallows, unless otherwise stated, have gelatin. fuck... http://tumblr.com/xl21pafgm
0	522	  i miss my brother.. i worry about him.
0	523	  i need to think of something else, first. 
0	524	  i wanted julian to win!
1	525	 - Iowa No. 2 in happy! Yea!
0	526	  jus got some bad news
1	527	  just got home
0	528	  just mean
1	529	  just saw sink into me the whole video on kerrang! ive seen it before loads but its so much better on tv!
0	530	 - Limp Bizkit - Rollin' #SongStuckInMyHeadWhenIWokeUp
0	531	  ''Love, save the empty''
0	532	  my camera broke !
1	533	  My mom is the funniest person ever!  
0	534	  my parents left
0	535	  Nadal is out @ French Open ... now, to my back-up -- Go ANDY RODDICK!
0	536	  no ass beatings, checked out Playhouse in Baltimore this weekend as well.  Feeling quite rested and a bit out of sorts.
0	537	  nothing....
0	538	  ok we'll talk about your boyfriends and stuff tomorrow ;) lmao and we'll talk for real soon too!! wooo hehe ilysfm doodle xxxx
1	539	  Pie seems to have quite a good appetite now.
0	540	 - server problems - motivating me to change hosting providers though... #fb
0	541	  shakes head
0	542	  Shock loss to Sparks...bummer, @tmmcwilliams had a great game but shock too many injuries to start the season...rematch Monday!
0	543	  some asshole got a hold of my email and signed me up for all this spam mail.  ughhhh...it's non stop.  anyone have a spam blocker?
0	544	  someone just said ast least your pretty  . thanks but but being pretty gets you nowhere you have to much integrity .
0	545	  myspace peOplE  can get really angry if I don't answer them right away... JA!
0	546	  never get any photo comments on m space and more
1	547	  NHL: Penguins 1, Red Wings 3 - FINAL - Red Wings lead series 1-0 - for stats, stars and more visit http://www.nhl.com
0	548	  no tickets in germany for the miley cyrus tour.. 
0	549	  photo shoot rained out...  oh well, back to post!
1	550	  R.I.P young teke!!!  i miss you cuzin!! &lt;3     it has been 1 year sence you died. . .    [Dont be ashamed of your faith]
0	551	  RIP Charles J ...the world is with one less fine fellow
0	552	  RSL was at the Paley talk?! Now I'm even more depressed I couldn't get a ticket. Oh wells. 
1	553	 - she is amazing -- Bjork ï¿½ Bachelorette ? http://blip.fm/~4lfyi
0	554	  so bored
0	555	  so much for a good weekend
1	556	  Thank you.    @Kyauphie
0	557	  The hotel doesn't know where it is either... that was my favorite! How poopie is that.
0	558	 - thelovelybones: I plan on owning this â€¦donâ€™t judge me. http://tumblr.com/xr0238tmq
0	559	  This year, 5 million children from hunger-related causes.  http://is.gd/17Eo4
0	560	 - ticketsandpassports: Â lmao your not a nerd. i think its cool when guys like anime. http://tumblr.com/xqn1x1tue
0	561	  To all the mothers whose day may not be so happy. God loves you. TLC - Waterfalls ? http://blip.fm/~5zi9g
0	562	  Today is not a good day. But I guess laying around the house in your undies isn't so bad.
0	563	  went to maggie's bday party, came home without my phone... I feel lost, and reaallly confused (but thats just the booze talking)
0	564	  when will RB2 get an australian release date???
0	565	 !my grandma just told me she thinks I'm stupid. Well, hey thanks, G.
1	566	 #andyhurleyday
1	567	 #ASOT400
0	568	 #betseyjohnson why are you doing this to me? This necklace is $150 rather than the usual $50-60 I want it  http://twitpic.com/6ioi8
1	569	 #followfriday @n3rin3 @jurgenphoto @shaneaddinall @robi27 @dannyvan @byronrode @tattood1
0	570	 #IMISSCATH #IMISSCATH #IMISSCATH #IMISSCATH #IMISSCATH #IMISSCATH #IMISSCATH #IMISSCATH #IMISSCATH #IMISSCATH #IMISSCATH #IMISSCATH
1	571	 #mcflyforgermany #mcflyforgermany #mcflyforgermany #mcflyforgermany #mcflyforgermany #mcflyforgermany #mcflyforgermany #mcflyforgermany
0	572	 #p1wimax no signal detected here at the gardens
0	573	 #trackle
1	574	 --&gt; that was then. ='( --&gt; this is NOW.
1	575	 &lt;3 this pic If u want more tell me cause I got more   http://twitpic.com/6vsv8
1	576	 &lt;---My expression watching this again: http://tinyurl.com/eqbwe
0	577	 &quot;Beach Ball Fail&quot; - http://cheezburger.com/tw/?v7-20659 #lol #fail
1	578	 &quot;I'm a freelance writer for Braille porn and a stunt double for a hand model for Palmolive dishwashing liquid.&quot; [from @ShinyHappyHead]
1	579	 &quot;Im in love and I don't care who knows it !&quot; -elf
0	580	 &quot;It's raining again&quot; (c) Supertramp
1	581	 &quot;Y must people insist on talking about stupid politics on the comments of a bubblegum pop song. Sorry, get out&quot; http://tinyurl.com/ljgec2
0	582	 &quot;you have to do it all alone&quot;
0	583	 Apparently the 'new' 3.0 is the same build as the GM, meaning I'll likely have the same [minute] issues I was having with the GM. #mlia
0	584	 Archie's annoying me this morning, says I hogged the bed all night and won't get up for his shower, him and his little black kettle self
0	585	 are you ok @zheyamada ?
0	586	 Argh, the speakers on my Macbook are screwing up, and slowly dying.
1	587	 -as simple as it gets.
0	588	 at Chris Brown . . . I honestly dont feel bad for Rihanna ; anyways . . . Out nd such . . .
0	589	 at last night 
1	590	 at my tweets: 1 lady saying goodnite, 2 tweets later 1 lady is saying good morning - that's crazy - i would never imagined this yrs ago
1	591	 at the nursery. the wailing have just ended. all sleeping soundly. working morning shift tmrw. grr
1	592	 AT THE RANDOM MENTION ABOUT CORE 2 &quot;DEALS&quot; THAT ARE ALMOST TWICE AS MUCH SENSE AS IT'S NOT TIED TO HIMSELF ABOUT TV EVERY NIGHT.
0	593	 at work ! Fuck !
0	594	 at work and got loads to do b4 I leave today. Toodles lufflies xxx
0	595	 attempting to get other people on twitter(other than cate)  to talk to me but it is failing
0	596	 Aw. Toy Story 3 is coming out NEXT year.
1	597	 awake...finally..random dream...i was a penguin but i lived in jersey and i oddly lived in a icecream store lolz 
0	598	 awesome  http://twitpic.com/6ikhd
1	599	 awesome black coffee... anyone?
1	600	 aww great song &quot;Picture to burn&quot;
0	601	 AWW I GOTA DO HOMEWORK
0	602	 aww someone borrowed it without telling me.
0	603	 Awww derek is at work back to making kandie with the little ones  :o
0	604	 B- in genetics so that's a 2.75 towards my GPA. What really sucks is that I got a 79.75% in the class and an 80% is a B.
0	605	 baby died last night. @$%%$# day.
0	606	 baby girl's so upset.....i'm not where i need to be with my sewing... and it's almost 10pm and i'm finally eating a little dinner..sigh..
1	607	 baby sitting today.. shopping tomorrow.. Rue 21 Is the best Ever.. 
1	608	 baby you like my favorite dessert I just can not get enough of you love you I'm yours 4Eva
0	609	- back from cali , missing itttttt 
0	610	- back pain 
1	611	 Back to basics 
0	612	 bad day 2day. Broken glasses  rainy weather  uof
0	613	 bad night for the pens
0	614	 bad timing- a new mommy just called for newborn pictures and I can't fit the baby into my schedule no matter how hard I try
1	615	 BAHAHAHA  me and jodie burst out doing kevin's sos dance!  EPICCC XD
0	616	' bank account is negative $118... 
1	617	 Bas one last time 2 update my status 
1	618	 baseball.
0	619	 bcd's closed! i guess nodaji it is.
0	620	- bed ; I gotta get up early  , only 5 more days of this bullshit  . SUMMER!!! &lt;3
0	621	 bed time......................................................
0	622	 bedss gayyyy ... oh well Goodnight people  @technotetris and @ShaunAcland ;D
1	623	- been up for 2 days straight. LoL. i NEVER sleep. 
0	624	 being afraid of food is an eating disorder right?
0	625	 being told im beautiful doesnt make my tummy better
0	626	 besides that great graduation day. I finaly made it I'm a highschool graduate ! Moms word .. Chapter close .. Keep pushing foward.
0	627	  still no phone. bukas pa raw in the afternoon...  oh well, i survived 7 days, what's one more... day...  another day, another destiny
1	628	  such a nice day
1	629	  Summertime by DJ Jazzy Jeff and The Fresh Prince
0	630	  The iPhone will be out of commission for a while.
1	631	  the weather is lushhh!
0	632	  Things are not good in my head. I may not be around a lot this weekend.
1	633	  third date went well....moving on to fourth!!!!!!
1	634	  To The Death! An awesome random comic for the certifiably not sane. (  )
0	635	  try and enjoy ur family &amp; I am here if I need anything-anything!!!. Love you Sis-be brave &amp; I know u r strong ur in my prayers
1	636	  twilight !!!
0	637	  twitter wont let me send replies today - boo hoo
1	638	  two more days.
0	639	  ughhh..
0	640	  UVA baseball...   Come on boys you can do it
0	641	  water works are gonna start
0	642	 - Well i wrote a missive post about last night and all the things that happened, it got deleted tho by... http://tumblr.com/x9c238auy
0	643	  well, I guess I knew it was going to break sometime...
1	644	 - 'What Canadians Have to be Proud of' http://bit.ly/NX4aQ
0	645	  why is it raining?
0	646	  why me?
1	647	  xD go day!!!
1	648	 - yay for STAR testing week! I start school at 11am this week and I have no school on thursday! maybe SF... http://tumblr.com/xvq1mln1l
1	649	- #Hello #World! This is where i live: http://twitpic.com/6bo0t #beautiful #5am #woop - bed now 
1	650	 #shortstack #tokiohotel #shortstack #tokiohotel #shortstack #tokiohotel #shortstack #tokiohotel #shortstack #tokiohotel #shortstack
0	651	 #squaresp #squarespac #squarespace #trackle giveaways giveway iphonegiveway squarespace squarespce trackle
1	652	 &lt;*~Free!~*&gt;
1	653	 &lt;----that's me smiling.
0	654	- &quot;......you were asleep while i gathered my things in the dark. the burns on my fingers were all that was left of the spark...&quot; - 
0	655	 &quot;BBC NEWS | UK maps climate change forecasts&quot; - The picture it paints is an alarming one ( http://bit.ly/69AYs )
0	656	 &quot;I'm giving up on you. I don't care how you mess up your life now.&quot;... :'(
0	657	 &quot;Meteorologists Predict Chilly, Rainy Midsummer | News in Finland| yle.fi&quot; + thunder  ( http://bit.ly/15TpJC )
1	658	 &quot;Nintendo DSi Portable Game System - What Will You and i Do?&quot; ( http://tinyurl.com/b3yobq )
1	659	 &quot;Promote My Site - Getting to the Front Page and Other Places in Social Media&quot; ( http://tinyurl.com/dflzg4 )
1	660	 &quot;The universe is a living being, and it's conscious, and it's very old. And it cares about itself in lots of ways.&quot; Drunvalo Melchizedek.
1	661	- &quot;the world makes music for people who listen &quot; 
1	662	 &quot;Will Diggâ€™s New Share Feature Pollute Twitter?&quot; ( http://tinyurl.com/ncqkm5 )
0	663	 (angry) mixed motions! but soo frustrated x( http://plurk.com/p/13s5mg
0	664	 (mood i am in)
1	665	 *exited* I just bought some oreos!! I hope everyone likes oreos..
0	666	 *hugs @ignorantsheep*
0	667	 *sends you e-hugs*
0	668	 *tear*
0	669	 *cries* I'm so depressed, thanks to you my angel! &quot;I'm gonna find someone someday who might actually treat me well&quot;!!
0	670	--- *On my way to the doctors with my Duo, my ass hasn't even had breakfast yet  lol
0	671	 *sob* must be in bed!!
0	672	 *wishes she was at summer jam*
0	673	 , school! GrRr im not in the mood to take my make up back off then put it on again when the teachers leave!
1	674	-- . BABBBBBBBBYY .  I missed you MUCH!!
0	675	 . Sunday is over.
1	676	-- . well then you gon have to stop w. that . &quot;IDC&quot; shit. JUST be faithful like *points to em* MOI! 
0	677	 .. why the jonas are bad with us !! come to paraguay
1	678	 ... its JONAS DAY!!!!!!!!
0	679	 ... UghH... Anybody wanna come to my house and cook? My mom is leavin for work and aint cook me shit !... Can't trust dem hoes!!!
0	680	 ....  i don't know what to do..
0	681	 .... i think i lost my spanish book!! :-X
0	682	 .... Life can be so complicated. I know God has a plan .... I just have to trust in him.
0	683	 ......... Oh well, at least Suzumiya Haruhi no Yuuutsu is on air.
0	684	 .........not really a good night guys ! buu huu
0	685	 ...I did not get cast in but I will keep looking for some dance opportunities.  I need some exercise.
0	686	 ...the ground around me is wet... i looked up to see if any drops fall on my face...it was drizzle all around but I am missing my drops
0	687	 ..i forgot to bring my new sharpie pens to school today..booo!
0	688	 ..omg...my celly is off...this hasn't happened to me in years...WTF!!! gota get my bill paid
1	689	 : The Last Gadget http://tinyurl.com/pd4wyp #Geek_And_Poke
0	690	 :'( this is so horrible
0	691	 :'( where ius that one person that can make me smile 
0	692	 :S this tweetdeck is killing me hate it 
1	693	 ;) July Flowers (July 2009) #Holiday
0	694	 @ last.fm not working.
1	695	 @aaronXnow finally got twitter haha
1	696	 @aChAotIcBeaUtY
1	697	 @Aimee_B_Loved I think there may be a connection between Paul Reubens and the reason why movie theater fl.. http://tr.im/nfKO
0	698	- @alexjreid - saw that earlier, can't even comprehend what that couple were feeling. Really tragic 
1	699	- @alittlebit - temperature is down, but the pain is still bad. Hoping antibiotics kick in soon! Thanks for asking 
1	700	-- @anyamanda said I tweets less these days so, hi! 
1	701	 @AuroraLee Would love to see you guys sometime! *grin* - and aw rats, maybe it'll warm up real fast??? LOL
0	702	- @benboychuk I hope it's not actually on here birthday that she's getting shots.  
0	703	 @billbeckett's signature has 100% rubbed off my mondayeyes bracelet. At least I have plenty of autographs from him, but still. Sad day.
1	704	 @blackswan2 &quot;to all you&quot; ? http://blip.fm/~7d1qo
1	705	 @blondediva11 What happened while I was gone? Anybody get arrested http://tr.im/koFz
1	706	- @breegeek I'll know if u can't find a replacement 4me. I'll still pay u if not.  I won't let u hang
1	707	 @canuckgrrrl Seeing a guy dressed up as a banana totally made my day. Phallic symbol FTW http://tr.im/mVTm
1	708	- @carole29 yep  coz of the England game on Wednesday
0	709	 , Alllllan ruins my lifeeee.
1	710	-- . =D There's my BOO.  *Blushes*
1	711	-- . BYYEEE . ILY2 Jamarcusssssss 
0	712	 . I was want to buy the sims 3 . But it sold out . Wtf . Haha..
1	713	-- . You aint gotta apologize. I know I'm not ugly. 
0	714	 .. just 
0	715	 .. yep,i have things my way all the time. i am selfish. everything revolves around me. yep. im a bitch. great for me (Y) =|
0	716	 ... ...I don't wanna get rid of twitter  You guys are too cool...
0	717	 ... i try... i try so hard... and i seem to get no credit for it.... wats the prob?
0	718	- ... wide awake, but dont actually wanna go to school :S  xxx
0	719	 .... Dream beautiful.
0	720	 .... now only have one roommate....
0	721	 ..... Im givin myself 5 minutes to turn that frown upside down
0	722	 ......i cant even say a word right now
0	723	 .....why am i so sad??...becuz of u or becuz of the exam??.....i think..becuz of u... 
0	724	 ...?                   ..frustrated?
0	725	 ...and i feel a shallow breath that squeezes past the fifty pounds of stone laid in my chest.
0	726	 ...just found out that a friend from my childhood has passed away... May he Rest In Peace.
0	727	 ...still in the office... 
1	728	 ...that is all
0	729	 ..sniffles... since I dont get to leave this fucking house...AW GREAT the power's gone. and its getting dark.. Puurfect!
0	730	 / I feel so ... ... Left out
0	731	 ::sigh:: we didnt win the contest . stupid popularity contest. i had so many votes for her also.  im realy sad. i had such a good feeling
0	732	 ;( noooo! why? things are so complicated if I spelt that wrong idc
0	733	 ;( noooo! why? things are so complicated if I spelt thy wrong idc
1	734	 ;) Butterfly Day (Jun 19, 2009) #Holiday
1	735	 ??? what does it means ?
0	736	 @ JFK International Airport http://loopt.us/PPYZTQ.t
0	737	 @ jonas brothers youtube bein suspended
0	738	 @ moval court 4 a traffic ticket..I should b sleeping..aahh.
1	739	- @ work.. || Only 5 hours of it today and then weeeekend!  Can't wait for the long weekend to begin! Gonna get some things done for sure!
1	740	 @ahugeproduction Praying for my cold to go to my head because a skunk just sprayed my yard. This is the w.. http://tr.im/n8AI
1	741	 @AriaaJaeger Created from the realms of Light, pure love commands the fold When you think and speak with love, a new world you'll behold~
1	742	 @arjunbasu The music was so quiet that he was sure there was a massive hoax being played. On him alone. I.. http://tr.im/mP2j
0	743	 @bananarchy_atx sold out of frozen bananas today!   http://mypict.me/2QIM
0	744	 @beckobviously i have no car to come to you either.
0	745	 @belllareow has disappeared again 
0	746	- @billyraycyrus oi tell your daughter to lower her ticket prices we cant afford it in london  my sister cried.
0	747	- @brooklyn_belle LOL. &quot;cat.&quot; I'm a huge fan. Also, the more i think about it, the more I think you should hold off on Sims 3 
1	748	 @Canuckflack Speaking as a historian, WTF do you incorporate twitter buzz by upper middle class North Ame.. http://tr.im/oFLS
0	749	 @cnnbrk: Farrah Fawcett, star of &quot;Charlie's Angels,&quot; has died from cancer at 62.
1	750	- @cmedders Yes, before the show, I suggested that we ought to do a celebrity deathmatch 
1	751	 @CranberryPerson Dear hyper chihuahua, we only have 45 minutes left together on this drive, but I have a .. http://tr.im/lAj6
1	752	 @danawalker Washington Capitals would be one of #myweakness as well.
1	753	 @daveena looking fwd to a twitpic of selma soon. Cool name, add a k to the end and it's tok'ra
0	754	 @desiredeffect
1	755	 @dustincary yea I really wanna see a win for him at daytona
1	756	 @DWO34 Great to follow @BUTTERFLYWHEEL @DebraWard @chastity_1111 @Cortnee4Christ @DWO34 @DarrenSproat @Sharboubou @mikehanes
1	757	 @EightyThreeKid aww I'm sorry bae u kno I be grindin =D BUT I GOT U I SWEAR....I needa go buy an artbook that or construction paper
0	758	- @fontenot619 Hey you! @PoisonGirl10 How long will you be on? @summerblonde83 Thx! @Nic0pic0 hehehe yw ;) @sevgli Yeah, they're not! 
1	759	 @gigia: &quot;@Mama_K: &quot;Nobody told me Violent Femmes covered Gnarls Barkley! &quot; tks, dude!! &quot; ? http://blip.fm/~6svjq
0	760	 @HitzProductions unfortunately I'm coming from NJ the boonies...I gotta drive to the path
0	761	- @iamfauxpas All gigs this weekend have been cancelled, so it may be temporary or shut for good. Still trying to find out. BOO. 
1	762	 @idvssuperego Started working on a â€œwarm, fluffy fartâ€? tweet before realizing I donâ€™t especially like far.. http://tr.im/n7J0
1	763	 @infobotz News = Google Getting Twitterpated? - http://tinyurl.com/oropl7
0	764	 @isak is mad at me. #fail
1	765	 @jazzgotsoul @liveguy lol nooooooooo!!!
0	766	 @jessdelight I just played ur joint two songs ago. Everyone in studio was feeling it!
0	767	- @jonswerens I can't get excited about Conan. 
1	768	 @LadyKeisha @scorpio510 thanx for the post &amp; the warm wishes.. enjoy ur day!
1	769	 @latuacatante17 youu welcomee
1	770	 @LisaBarone If, thru the miracle of modern science, Bruce and Danny had a child...
0	771	 @lisad stopped talking to me. I should stalk her. ^^
0	772	- @littlecharva - you'll be pleased to know I did not have a nice night's sleep, even in a comfy bed ;) even a sleeping bag would be same 
1	773	 @loic Now try sex in bing, deactivate safe search and go to video. You are now on a porn site without lea.. http://tr.im/n18y
0	774	 @lushone toolio has court on the 24th...
0	775	 @Mgapmp When you meet @johncmayer tonight, please tell him my story. How Laker Fans made me miss his show!
1	776	 @MICHAEL_CASTRO is not at 902  thanks!
0	777	- @minxlj hope you get better soon 
0	778	 @misterdjin i just saw...
0	779	 @Mizz_Bliz I slept late too. I wonder y u did...Mhmm. I'm not as hype as u think to leave the country for 2 weeks &amp; 3 days.
0	780	 @MIZZWALKER which one???
0	781	 @moogyboobles AHHHHHH - bloody Five. Why did they give away House (and me the Sky subscription)?
0	782	 @Mp3Jackson Is Upset With Me Lol
1	783	 @mrjoecool well praise the lord 4 gud moods i kno i need 2 b 1, im workn out ma thighs &amp; these dark clouds is scaring me
0	784	 @Nambu sending my tweets from wrong account although selected the right one.
1	785	 @oliveshoot aw, sweet Leslie was tweeting luv last night!  You are my #1 and absolute FAVE!
1	786	 big ass kool-aid smile on my face from talkin to my boo...
0	787	 bleh... I feel like QQing now. 
1	788	 blowdrying my hair
0	789	 Boo to that 
1	790	 bored........doing nothing at all....okay...i'm a pretty shy girl...
1	791	 BOREDDDD  going to do powerpoint
0	792	 boring nite...damn I guess I better get use to this
0	793	 boro let me down. It's getting very tight.
1	794	 bosco graduation then sara's voice recital
1	795	 breakfast with family
1	796	 Britains Got Talent on RIGHT NOW ! Good luck Susan Boyle ;)
0	797	 bummed to be missing bb Kris's comcast chat. Stupid responsibilities.
0	798	 burnt tongue, hot chocolate has a downside
0	799	 but eatting popcorn so its getting better
0	800	 but I don't want a boyfriend for the summer.
